t_exit,equity
2017-01-06,1.0039098815010095
2017-01-09,1.0121197035918656
2017-01-10,1.0120341587079706
2017-01-11,1.0189372761628501
2017-01-12,1.0242340699920085
2017-01-13,1.0245766255008022
2017-01-17,1.0301010950700724
2017-01-18,1.0320532680426038
2017-01-19,1.0317093725791886
2017-01-20,1.032996007095355
2017-01-23,1.0355529279049969
2017-01-24,1.0429436251229343
2017-01-25,1.0470216485115333
2017-01-26,1.0559235157494888
2017-01-27,1.0557457792901528
2017-01-30,1.0570746529444464
2017-01-31,1.0691943875117522
2017-02-01,1.0747525826700846
2017-02-02,1.0809717017759441
2017-02-03,1.084174822738395
2017-02-06,1.0913618179258942
2017-02-07,1.0913618179258942
2017-02-08,1.0962335735606086
2017-02-09,1.100036912111912
2017-02-10,1.0939434738063838
2017-02-13,1.0993664957345548
2017-02-14,1.1011600620512862
2017-02-15,1.1067309625956656
2017-02-16,1.111661720225699
2017-02-17,1.1144392847684121
2017-02-21,1.11425918824196
2017-02-22,1.1179550344990825
2017-02-23,1.130707351466924
2017-02-24,1.1369488781311492
2017-02-27,1.1393955549168697
2017-02-28,1.140304453749916
2017-03-01,1.1392992389634296
2017-03-02,1.153275502268278
2017-03-03,1.1590806919128662
2017-03-06,1.169121258054376
2017-03-07,1.1779066870947439
2017-03-08,1.18150196625893
2017-03-09,1.1835618461127124
2017-03-10,1.1791093895628777
2017-03-13,1.1753948069885418
2017-03-14,1.1765671255029486
2017-03-15,1.1601153036244367
2017-03-16,1.1641969209138638
2017-03-17,1.1667585841991195
2017-03-20,1.170839749298631
2017-03-21,1.1896472227429449
2017-03-22,1.1909818930878258
2017-03-23,1.1905041243660033
2017-03-24,1.1906948637047765
2017-03-27,1.1903155779931498
2017-03-28,1.1908842222104237
2017-03-29,1.1897429122396954
2017-03-30,1.1974333509360793
2017-03-31,1.2024464265740271
2017-04-03,1.2056272938452888
2017-04-04,1.2074553373671115
2017-04-05,1.2170734297192338
2017-04-06,1.2114537044677
2017-04-07,1.216107595571708
2017-04-10,1.217660834606297
2017-04-11,1.2338703814232197
2017-04-12,1.2341607511189092
2017-04-13,1.2347368549792248
2017-04-17,1.232442847791672
2017-04-18,1.2399301628186752
2017-04-19,1.2462838187215253
2017-04-20,1.248426442607093
2017-04-21,1.2558401089007774
2017-04-24,1.255052082698865
2017-04-25,1.2648909985558707
2017-04-26,1.268787606593387
2017-04-27,1.2657826622762591
2017-04-28,1.2659825949105745
2017-05-01,1.2813495130794466
2017-05-02,1.2802275155979743
2017-05-03,1.2891016428318576
2017-05-04,1.302930578239858
2017-05-05,1.3052666692361663
2017-05-08,1.306653033945097
2017-05-09,1.3192281994335862
2017-05-10,1.3165244198249917
2017-05-11,1.3210622436082056
2017-05-12,1.3191257806249097
2017-05-15,1.3203078630309937
2017-05-16,1.325243968212523
2017-05-17,1.3428640532048732
2017-05-18,1.346181720994168
2017-05-19,1.346181720994168
2017-05-22,1.3558610658544155
2017-05-23,1.363062177972585
2017-05-24,1.3625177805960411
2017-05-25,1.3611088446678015
2017-05-26,1.3611088446678015
2017-05-30,1.366800767658309
2017-05-31,1.377194663211702
2017-06-01,1.3782807788766955
2017-06-02,1.3909176681034878
2017-06-05,1.3910265076938009
2017-06-06,1.407335243989912
2017-06-07,1.4089696531768798
2017-06-08,1.4189444386146512
2017-06-09,1.4293819627639226
2017-06-12,1.4297206269889717
2017-06-13,1.4277978124737505
2017-06-14,1.431622097433093
2017-06-15,1.4440887247925658
2017-06-16,1.4454718952029015
2017-06-19,1.4545919842409993
2017-06-20,1.4559971037263473
2017-06-21,1.4551779357342252
2017-06-22,1.4512229872863425
2017-06-23,1.4767690510824603
2017-06-26,1.4930576928771457
2017-06-27,1.4868545710720986
2017-06-28,1.4862591146960185
2017-06-29,1.4910220026076888
2017-06-30,1.4946185823161693
2017-07-03,1.5165057666610002
2017-07-05,1.5139007563657678
2017-07-06,1.510317090345508
2017-07-07,1.5233253175345913
2017-07-10,1.524205500232021
2017-07-11,1.530384572346605
2017-07-12,1.530133247557217
2017-07-13,1.5365223437171887
2017-07-14,1.5513196406426342
2017-07-17,1.5549775516456212
2017-07-18,1.561141140277994
2017-07-19,1.5621479111150232
2017-07-20,1.5725067397897559
2017-07-21,1.5770331474409676
2017-07-24,1.5796698760300123
2017-07-25,1.5809308881938209
2017-07-26,1.5755968327021184
2017-07-27,1.5755968327021184
2017-07-28,1.588117468446986
2017-07-31,1.5909961410389524
2017-08-01,1.5962642788333299
2017-08-02,1.5921115393278182
2017-08-03,1.5897218950144503
2017-08-04,1.603126108295392
2017-08-07,1.6037629265088205
2017-08-08,1.6044009099981025
2017-08-09,1.6206970620244272
2017-08-10,1.6297107779829385
2017-08-11,1.631484420096854
2017-08-14,1.6368029189543893
2017-08-15,1.6454951015165975
2017-08-16,1.6527433765432262
2017-08-17,1.6560905429752222
2017-08-18,1.65981761351497
2017-08-21,1.6670500606674712
2017-08-22,1.6697697348134732
2017-08-23,1.6691222360918982
2017-08-24,1.671971609536783
2017-08-25,1.68120683388922
2017-08-28,1.7022624725585884
2017-08-29,1.6949050109178847
2017-08-30,1.6950345393752302
2017-08-31,1.7074884583246974
2017-09-01,1.7130499520497493
2017-09-05,1.7181819173424269
2017-09-06,1.7260034604379404
2017-09-07,1.7372397261921864
2017-09-08,1.7308102675460273
2017-09-11,1.7308102675460273
2017-09-12,1.72950596440545
2017-09-13,1.72950596440545
2017-09-14,1.7361901401840107
2017-09-15,1.7364530155887854
2017-09-18,1.741093102111914
2017-09-19,1.7433562611759135
2017-09-20,1.7433562611759135
2017-09-21,1.754763026242868
2017-09-22,1.7524595424877911
2017-09-25,1.7710264163098823
2017-09-26,1.781208630278701
2017-09-27,1.781208630278701
2017-09-28,1.7845403614614215
2017-09-29,1.7882922474786955
2017-10-02,1.7915182549203883
2017-10-03,1.7889784262527115
2017-10-04,1.7888378448893223
2017-10-05,1.7998973707207584
2017-10-06,1.8055770722208746
2017-10-09,1.8072691109311583
2017-10-10,1.8185416457531276
2017-10-11,1.8206606641366914
2017-10-12,1.8231982391230581
2017-10-13,1.8347579205372853
2017-10-16,1.837717173101981
2017-10-17,1.8548867610469826
2017-10-18,1.8548867610469826
2017-10-19,1.8556077213726372
2017-10-20,1.8587979733725288
2017-10-23,1.8631726451648913
2017-10-24,1.8639030146847522
2017-10-25,1.871975671101541
2017-10-26,1.882559207361352
2017-10-27,1.882707591117419
2017-10-30,1.8887855873056398
2017-10-31,1.897835580385981
2017-11-01,1.9006699885568727
2017-11-02,1.9006699885568727
2017-11-03,1.8988674823590512
2017-11-06,1.9144295534194165
2017-11-07,1.9190778290652848
2017-11-08,1.9276511104442264
2017-11-09,1.9365384973687945
2017-11-10,1.9532860860263883
2017-11-13,1.9532860860263883
2017-11-14,1.9603227123372038
2017-11-15,1.9678189110002917
2017-11-16,1.9676649119015472
2017-11-17,1.9791199194928966
2017-11-20,1.9791199194928966
2017-11-21,1.9791199194928966
2017-11-22,1.9897496200314555
2017-11-24,1.9897496200314555
2017-11-27,1.9897496200314555
2017-11-28,1.9897496200314555
2017-11-29,2.0071334668210707
2017-11-30,2.0226199220481753
2017-12-01,2.030081237452692
2017-12-04,2.027209531871179
2017-12-05,2.0491442895857364
2017-12-06,2.0457423187602664
2017-12-07,2.0660004016211864
2017-12-08,2.0678240412830577
2017-12-11,2.075609145621347
2017-12-12,2.0802911779481237
2017-12-13,2.0861539841158376
2017-12-14,2.087652578960287
2017-12-15,2.089651889508372
2017-12-18,2.0996327140780227
2017-12-19,2.100298723405162
2017-12-20,2.1082914924938803
2017-12-21,2.1097898451301913
2017-12-22,2.124951367156437
2017-12-26,2.12776820550485
2017-12-27,2.132739626545749
2017-12-28,2.142507687671672
2017-12-29,2.1625390222630694
2018-01-02,2.1814691710337244
2018-01-03,2.1751891033314688
2018-01-04,2.1751891033314688
2018-01-05,2.1751891033314688
2018-01-08,2.1773315777556146
2018-01-09,2.173840173326005
2018-01-10,2.1690653574949286
2018-01-11,2.174829330535665
2018-01-12,2.1840016386443515
2018-01-16,2.191056941671265
2018-01-17,2.1969680263183737
2018-01-18,2.201762413252069
2018-01-19,2.204742098933244
2018-01-22,2.2005928553725442
2018-01-23,2.2004279548042467
2018-01-24,2.2004279548042467
2018-01-25,2.2103244056777225
2018-01-26,2.2103244056777225
2018-01-30,2.2157729071461483
2018-01-31,2.2182578861074336
2018-02-01,2.2190832536492944
2018-02-02,2.2434381223980404
2018-02-05,2.24023581807667
2018-02-06,2.260491982846167
2018-02-07,2.2840281976977197
2018-02-08,2.2836814555193046
2018-02-09,2.2971668265024987
2018-02-12,2.2978607699713147
2018-02-13,2.304106328802406
2018-02-14,2.343349350442907
2018-02-15,2.343176068102399
2018-02-16,2.3417915368857254
2018-02-20,2.375831180996723
2018-02-21,2.3815611655400026
2018-02-22,2.3970538795188685
2018-02-23,2.396692965563856
2018-02-26,2.388973192696479
2018-02-27,2.418034730949555
2018-02-28,2.4178509507803616
2018-03-01,2.4316893831620776
2018-03-02,2.4442704598484823
2018-03-05,2.4542433500319003
2018-03-06,2.4765276423627363
2018-03-07,2.4989220258596547
2018-03-08,2.5081647632420863
2018-03-09,2.5188312736604024
2018-03-12,2.5188312736604024
2018-03-13,2.5188312736604024
2018-03-14,2.514640066965943
2018-03-15,2.514640066965943
2018-03-16,2.5123366150810984
2018-03-19,2.526534989864437
2018-03-20,2.526534989864437
2018-03-21,2.542513392010755
2018-03-22,2.542513392010755
2018-03-23,2.55406013154872
2018-03-26,2.565234782739763
2018-03-27,2.5646608113076774
2018-03-28,2.60728008952487
2018-03-29,2.609643087107069
2018-04-02,2.639338299543638
2018-04-03,2.654303165459938
2018-04-04,2.6622752425530285
2018-04-05,2.680642548317993
2018-04-06,2.6915551266868523
2018-04-09,2.6982184900339314
2018-04-10,2.711960265162875
2018-04-11,2.7619611596189775
2018-04-12,2.7881252373488388
2018-04-13,2.8067002670878733
2018-04-16,2.820304705369806
2018-04-17,2.8219785788671996
2018-04-18,2.8381520788786285
2018-04-19,2.841940056011948
2018-04-20,2.8542181871787813
2018-04-23,2.8788235163785982
2018-04-24,2.8896755348624272
2018-04-25,2.8957867377287814
2018-04-26,2.894465954192411
2018-04-27,2.9054690175495943
2018-04-30,2.890826359532633
2018-05-01,2.911518932242597
2018-05-02,2.9257540676500513
2018-05-03,2.9257540676500513
2018-05-04,2.9257540676500513
2018-05-07,2.9221823179431246
2018-05-08,2.9179443072188285
2018-05-09,2.9179443072188285
2018-05-10,2.9370683789543666
2018-05-11,2.9370683789543666
2018-05-14,2.944634182431527
2018-05-15,2.980070801892175
2018-05-16,2.9784546675759827
2018-05-17,2.9856052135258406
2018-05-18,2.997220547041857
2018-05-21,2.9907019841635103
2018-05-22,2.9907019841635103
2018-05-23,2.9907019841635103
2018-05-24,2.9907019841635103
2018-05-25,2.9907019841635103
2018-05-29,2.9907019841635103
2018-05-30,2.9987662807309774
2018-05-31,3.000840810219621
2018-06-01,3.009621786274656
2018-06-04,3.01148270623584
2018-06-05,3.024068481673864
2018-06-06,3.0217352754871216
2018-06-07,3.0224332878462588
2018-06-08,3.0158999816489804
2018-06-11,3.0149714558445533
2018-06-12,3.021244104517387
2018-06-13,3.028015110440063
2018-06-14,3.04388826136386
2018-06-15,3.079867734394441
2018-06-18,3.0690459921182014
2018-06-19,3.0764863362262673
2018-06-20,3.084211525661225
2018-06-21,3.0732200372616294
2018-06-22,3.071523716775922
2018-06-25,3.083610619718603
2018-06-26,3.109404652661334
2018-06-27,3.1160914234584562
2018-06-28,3.125800181723013
2018-06-29,3.1283002217611244
2018-07-02,3.1535788482497367
2018-07-03,3.1879648552692617
2018-07-05,3.1925355381858935
2018-07-06,3.19558682194559
2018-07-09,3.195332903111274
2018-07-10,3.201437414511775
2018-07-11,3.2280051114219255
2018-07-12,3.2386705493200028
2018-07-13,3.2519405271302184
2018-07-16,3.263977903503826
2018-07-17,3.263977903503826
2018-07-18,3.2629138516040013
2018-07-19,3.2756760322818894
2018-07-20,3.2756760322818894
2018-07-23,3.270314860379628
2018-07-24,3.270314860379628
2018-07-25,3.270314860379628
2018-07-26,3.2769737517510302
2018-07-27,3.2769737517510302
2018-07-30,3.2801902822161573
2018-07-31,3.2890598229130275
2018-08-01,3.3025076099653217
2018-08-02,3.313654560749478
2018-08-03,3.334802491390367
2018-08-06,3.3507297121523636
2018-08-07,3.3557231446935796
2018-08-08,3.357384326178713
2018-08-09,3.3645717426304826
2018-08-10,3.3684566767191813
2018-08-13,3.4122715941583426
2018-08-14,3.411985663507949
2018-08-15,3.441572814114372
2018-08-16,3.43277233774883
2018-08-17,3.4380325387198276
2018-08-20,3.443836104548712
2018-08-21,3.451940398096308
2018-08-22,3.4565636859227538
2018-08-23,3.463248513072118
2018-08-24,3.5197722927601998
2018-08-27,3.5159915147218115
2018-08-28,3.5226762491942867
2018-08-29,3.5247221349133846
2018-08-30,3.5472379952481194
2018-08-31,3.527255426241349
2018-09-04,3.530505824355516
2018-09-05,3.5376113171625967
2018-09-06,3.52554466156118
2018-09-07,3.5393728493711913
2018-09-10,3.5393728493711913
2018-09-11,3.5542391664779696
2018-09-12,3.5533541496341705
2018-09-13,3.5574880888566836
2018-09-14,3.5574880888566836
2018-09-17,3.5574880888566836
2018-09-18,3.5631265974353097
2018-09-19,3.5631265974353097
2018-09-20,3.5631265974353097
2018-09-21,3.5631265974353097
2018-09-24,3.5631265974353097
2018-09-25,3.556902091141171
2018-09-26,3.556902091141171
2018-09-27,3.5970058646113885
2018-09-28,3.6268364769197716
2018-10-01,3.640532989575467
2018-10-02,3.6692179007089196
2018-10-03,3.6823372825081884
2018-10-04,3.688785433581036
2018-10-05,3.701419240721531
2018-10-08,3.7520501076612365
2018-10-09,3.7571135259246393
2018-10-10,3.7571135259246393
2018-10-11,3.8092262260222594
2018-10-12,3.8201400210922722
2018-10-15,3.8326404790268125
2018-10-16,3.833265374163341
2018-10-17,3.8401447806499602
2018-10-18,3.8401447806499602
2018-10-19,3.8401447806499602
2018-10-22,3.850494037720776
2018-10-23,3.877530413780591
2018-10-24,3.8894939830121884
2018-10-25,3.859661758268977
2018-10-26,3.8540329975543295
2018-10-29,3.8540329975543295
2018-10-30,3.8700429959062586
2018-10-31,3.881818464753224
2018-11-01,3.9367701667585275
2018-11-02,3.9444311933852196
2018-11-05,3.946995191531276
2018-11-06,3.969123965768152
2018-11-07,3.9613704295402665
2018-11-08,3.9613704295402665
2018-11-09,3.9662897569052884
2018-11-12,3.9672797672677245
2018-11-13,3.9576628455709635
2018-11-14,3.9576628455709635
2018-11-15,3.9576628455709635
2018-11-16,3.970999580023631
2018-11-19,3.970999580023631
2018-11-20,3.991417020857441
2018-11-21,3.991417020857441
2018-11-23,4.003800739805835
2018-11-26,4.003800739805835
2018-11-27,4.038861677940762
2018-11-28,4.071866076798901
2018-11-29,4.082204066501835
2018-11-30,4.09521010836122
2018-12-03,4.133398652505214
2018-12-04,4.167311914468861
2018-12-06,4.1652914818162
2018-12-07,4.193883080135964
2018-12-10,4.213684627067751
2018-12-11,4.226875726983169
2018-12-12,4.2238208075257475
2018-12-13,4.2265383490514985
2018-12-14,4.242536194463228
2018-12-17,4.2702651045283115
2018-12-18,4.273686243185239
2018-12-19,4.261094308562628
2018-12-20,4.3142920774929925
2018-12-21,4.33654304743446
2018-12-24,4.3613172257940445
2018-12-26,4.360973290069101
2018-12-27,4.3630231137946645
2018-12-28,4.384949658315596
2018-12-31,4.383920159875561
2019-01-02,4.366875369207304
2019-01-03,4.383843333162481
2019-01-04,4.443086095708963
2019-01-07,4.443086095708963
2019-01-08,4.433717789960544
2019-01-09,4.468025991873996
2019-01-10,4.468025991873996
2019-01-11,4.453838570733381
2019-01-14,4.442466020069223
2019-01-15,4.455895774557082
2019-01-16,4.455895774557082
2019-01-17,4.45796563266234
2019-01-18,4.45796563266234
2019-01-22,4.45796563266234
2019-01-23,4.462835150459444
2019-01-24,4.462835150459444
2019-01-25,4.462835150459444
2019-01-28,4.468324408621166
2019-01-29,4.468324408621166
2019-01-30,4.46661946191582
2019-01-31,4.465604155904283
2019-02-01,4.4771039382205
2019-02-04,4.490010900793494
2019-02-05,4.479394682021288
2019-02-06,4.489633298437337
2019-02-07,4.46723509758308
2019-02-08,4.481562832812661
2019-02-11,4.503400895101377
2019-02-12,4.5006505587588554
2019-02-13,4.497905673979556
2019-02-14,4.481361484815263
2019-02-15,4.496713286776643
2019-02-19,4.553340680572042
2019-02-20,4.557072702322178
2019-02-21,4.583772460669455
2019-02-22,4.6010801658110125
2019-02-25,4.612502997673603
2019-02-26,4.606229161612496
2019-02-27,4.640922460784096
2019-02-28,4.670079464209299
2019-03-01,4.738338564126428
2019-03-04,4.740918576285666
2019-03-05,4.759337063373023
2019-03-06,4.751202256948876
2019-03-07,4.740816934301136
2019-03-08,4.758795511160208
2019-03-11,4.766904820038202
2019-03-12,4.772796156655003
2019-03-13,4.772796156655003
2019-03-14,4.772796156655003
2019-03-15,4.77609820368684
2019-03-18,4.765053500016318
2019-03-19,4.7581258714179455
2019-03-20,4.758857318238607
2019-03-21,4.758857318238607
2019-03-22,4.758857318238607
2019-03-25,4.763181523237584
2019-03-26,4.767887959258622
2019-03-27,4.767887959258622
2019-03-28,4.8296080156602
2019-03-29,4.842341255016951
2019-04-01,4.8550863222610765
2019-04-02,4.869051634898645
2019-04-03,4.874707184932927
2019-04-04,4.880750430424967
2019-04-05,4.874706249674399
2019-04-08,4.893191144069517
2019-04-09,4.912032850438672
2019-04-10,4.931243929897692
2019-04-11,5.000666277795025
2019-04-12,4.989840462512296
2019-04-15,4.982072965200845
2019-04-16,5.030916725015534
2019-04-17,5.036052521947416
2019-04-18,5.03169342955617
2019-04-22,5.03169342955617
2019-04-23,5.020170977322689
2019-04-24,5.048271805681384
2019-04-25,5.029349944536014
2019-04-26,5.029349944536014
2019-04-29,5.053620131982813
2019-04-30,5.057957711661808
2019-05-01,5.047277445142005
2019-05-02,5.045289075444827
2019-05-03,5.081437416751081
2019-05-06,5.079455885940654
2019-05-07,5.091356212108417
2019-05-08,5.091356212108417
2019-05-09,5.109668913514252
2019-05-10,5.110861169933746
2019-05-13,5.164086993399133
2019-05-14,5.1764226178270745
2019-05-15,5.174027886440903
2019-05-16,5.174832860747246
2019-05-17,5.19706847069577
2019-05-20,5.19706847069577
2019-05-21,5.19706847069577
2019-05-22,5.19706847069577
2019-05-23,5.19706847069577
2019-05-24,5.19706847069577
2019-05-28,5.19706847069577
2019-05-29,5.19706847069577
2019-05-30,5.228346548464743
2019-05-31,5.285157034492055
2019-06-03,5.348844559665772
2019-06-04,5.345209363325649
2019-06-05,5.3427960929059015
2019-06-06,5.370095928178435
2019-06-07,5.402724873275571
2019-06-10,5.447619896116618
2019-06-11,5.439418119850437
2019-06-12,5.459914834070683
2019-06-13,5.491076759724803
2019-06-14,5.469445293679454
2019-06-17,5.470670910296977
2019-06-18,5.459723595684089
2019-06-19,5.4572863182559805
2019-06-20,5.502319396260068
2019-06-21,5.463967334559294
2019-06-24,5.496222808010306
2019-06-25,5.4838205480017255
2019-06-26,5.466673770620551
2019-06-27,5.461234199374933
2019-06-28,5.46666286818868
2019-07-01,5.470605362754122
2019-07-02,5.523695128905597
2019-07-03,5.472356613932767
2019-07-05,5.555698243490236
2019-07-08,5.560076159045643
2019-07-09,5.5720375993304305
2019-07-10,5.57282782234513
2019-07-11,5.649923634135485
2019-07-12,5.667208030780293
2019-07-15,5.655187651963215
2019-07-16,5.672790201598537
2019-07-17,5.740237171199073
2019-07-18,5.755573232560389
2019-07-19,5.81710462325692
2019-07-22,5.81710462325692
2019-07-23,5.810953730062889
2019-07-24,5.810953730062889
2019-07-25,5.810953730062889
2019-07-26,5.793391610355466
2019-07-29,5.793391610355466
2019-07-30,5.8072014435181964
2019-07-31,5.828299656197751
2019-08-01,5.748724164593223
2019-08-02,5.739195795570616
2019-08-05,5.835619188839536
2019-08-06,5.846340152129232
2019-08-07,5.980702057049101
2019-08-08,5.98349632387466
2019-08-09,6.021632972719359
2019-08-12,6.059067117553141
2019-08-13,6.091962240262464
2019-08-14,6.1565371391622765
2019-08-15,6.155726665214056
2019-08-16,6.204581540955588
2019-08-19,6.232574309936618
2019-08-20,6.262124310229166
2019-08-21,6.263372860319122
2019-08-22,6.2541561662780225
2019-08-23,6.39276508252472
2019-08-26,6.462773577223778
2019-08-27,6.507111455407934
2019-08-28,6.508380330560734
2019-08-29,6.554944352437916
2019-08-30,6.5785913382149905
2019-09-03,6.67794625209856
2019-09-04,6.683550936539698
2019-09-05,6.845830875710332
2019-09-06,6.895912856078846
2019-09-09,6.926988100701663
2019-09-10,6.964893315378948
2019-09-11,6.977500222056642
2019-09-12,6.9737774205388705
2019-09-13,6.9737774205388705
2019-09-16,6.957576556761215
2019-09-17,6.991019517350564
2019-09-18,6.984532939151137
2019-09-19,6.973795176258384
2019-09-20,6.993747045702998
2019-09-23,7.031588275846983
2019-09-24,7.110485380074821
2019-09-25,7.217542964753684
2019-09-26,7.217542964753684
2019-09-27,7.242013975327791
2019-09-30,7.388219837288059
2019-10-01,7.455125051324764
2019-10-02,7.578317003288619
2019-10-03,7.62740829733054
2019-10-04,7.6243688055421615
2019-10-07,7.660342862779049
2019-10-08,7.620225961818937
2019-10-09,7.612139355801101
2019-10-10,7.694748107849661
2019-10-11,7.7421991736140745
2019-10-14,7.780273470287634
2019-10-15,7.839322075747235
2019-10-16,7.8710602218028916
2019-10-17,7.903366935292798
2019-10-18,7.898584942288636
2019-10-21,7.938345588034288
2019-10-22,7.947443450174869
2019-10-23,7.966157155515782
2019-10-24,8.011052099891891
2019-10-25,8.000914099142848
2019-10-28,8.075917553231164
2019-10-29,8.069939148226359
2019-10-30,8.102496730581848
2019-10-31,8.185357901379657
2019-11-01,8.201609439238121
2019-11-04,8.221142116020024
2019-11-05,8.36184604952988
2019-11-06,8.401309995237579
2019-11-07,8.54179272132802
2019-11-08,8.587143860606478
2019-11-11,8.619470548651199
2019-11-12,8.636059275026765
2019-11-13,8.66510639588354
2019-11-14,8.71246317198323
2019-11-15,8.723137595678224
2019-11-18,8.716619091338536
2019-11-19,8.749877877035745
2019-11-20,8.745718189764473
2019-11-21,8.745718189764473
2019-11-22,8.778471458757627
2019-11-25,8.781483768004021
2019-11-26,8.781483768004021
2019-11-27,8.827761912799094
2019-11-29,8.900638319467227
2019-12-02,8.903680648569757
2019-12-03,9.00480331130926
2019-12-04,9.026134486666
2019-12-05,9.039600383202256
2019-12-06,9.137044360684483
2019-12-09,9.140176059359712
2019-12-10,9.152065261962669
2019-12-11,9.191473681749882
2019-12-12,9.243814949871211
2019-12-13,9.322789516750769
2019-12-16,9.315199007974043
2019-12-17,9.312039385437494
2019-12-18,9.312039385437494
2019-12-19,9.326550536733716
2019-12-20,9.339182148902909
2019-12-23,9.340441934609927
2019-12-24,9.40569405212468
2019-12-26,9.431314743985917
2019-12-27,9.431314743985917
2019-12-30,9.44316171513461
2019-12-31,9.478718300514597
2020-01-02,9.518678796867217
2020-01-03,9.633978612795731
2020-01-06,9.536851599495058
2020-01-07,9.619472078580587
2020-01-08,9.505431344774104
2020-01-09,9.529871613831421
2020-01-10,9.568576267249922
2020-01-13,9.623871750141447
2020-01-14,9.65062674138641
2020-01-15,9.676187034686592
2020-01-16,9.717859582541012
2020-01-17,9.747249359590596
2020-01-21,9.765377532634657
2020-01-22,9.730721722377004
2020-01-23,9.802773297656385
2020-01-24,9.89599460606539
2020-01-27,9.849147445011276
2020-01-28,9.894132589567807
2020-01-29,9.894132589567807
2020-01-30,9.936173560639205
2020-01-31,9.876180140427314
2020-02-03,9.973522565677627
2020-02-04,10.145772754399811
2020-02-05,10.175821393941131
2020-02-06,10.251144480880669
2020-02-07,10.275381642004936
2020-02-10,10.310738843104255
2020-02-11,10.345526174234942
2020-02-12,10.360068032158745
2020-02-13,10.39239804608534
2020-02-14,10.43790288769814
2020-02-18,10.571366061613523
2020-02-19,10.616938150222621
2020-02-20,10.683686246154558
2020-02-21,10.850608046550212
2020-02-24,11.041919139303939
2020-02-25,11.02983720270317
2020-02-26,11.056673789571063
2020-02-27,11.064084716029617
2020-02-28,11.305572300809109
2020-03-02,11.365530051852692
2020-03-03,11.704707256048343
2020-03-04,11.735296056323728
2020-03-05,11.943869206356423
2020-03-06,11.943869206356423
2020-03-09,11.791763029260462
2020-03-10,11.879940248702027
2020-03-11,11.988943335968882
2020-03-12,12.406178385358057
2020-03-13,12.872523332772792
2020-03-16,13.452838277370192
2020-03-17,13.961908892579057
2020-03-18,14.508579613619334
2020-03-19,14.480179184937008
2020-03-20,14.48505959585205
2020-03-23,15.078780077347773
2020-03-24,15.899239837005624
2020-03-25,16.318414083629886
2020-03-26,16.216208781089367
2020-03-27,16.216208781089367
2020-03-30,16.405917790383167
2020-03-31,16.763691135576607
2020-04-01,16.676136072664427
2020-04-02,17.040915948851666
2020-04-03,17.137422932325634
2020-04-06,17.64131034817147
2020-04-07,17.962779229855144
2020-04-08,17.916520238830486
2020-04-09,18.708523772977408
2020-04-13,18.956232980599953
2020-04-14,18.955152906351348
2020-04-15,19.08810349306429
2020-04-16,19.204991668112427
2020-04-17,19.501624117660125
2020-04-20,19.68206590895409
2020-04-21,19.900111754638658
2020-04-22,20.283798477923764
2020-04-23,20.275610664478148
2020-04-24,20.513942097174134
2020-04-27,20.750837319854373
2020-04-28,20.824575874461814
2020-04-29,20.90495113315126
2020-04-30,21.331732849799778
2020-05-01,21.431650561614717
2020-05-04,21.485777864095468
2020-05-05,21.44915765818245
2020-05-06,21.69839144277996
2020-05-07,22.156501321035893
2020-05-08,22.365717726410654
2020-05-11,22.457687425990144
2020-05-12,22.525087916955908
2020-05-13,22.68257857273774
2020-05-14,22.86411189879363
2020-05-15,23.04416594053804
2020-05-18,23.35786038200819
2020-05-19,23.35786038200819
2020-05-20,23.344525225175822
2020-05-21,23.69600343454696
2020-05-22,23.805796108100104
2020-05-26,24.103644003991608
2020-05-27,24.456848667568597
2020-05-28,24.514081097145453
2020-05-29,24.77222879133044
2020-06-01,24.735221672758147
2020-06-02,24.987825317938633
2020-06-03,25.40035674435242
2020-06-04,25.766110255528638
2020-06-05,26.301964920298904
2020-06-08,26.6027210755165
2020-06-09,26.91826105653916
2020-06-10,26.962179919354977
2020-06-11,26.88147417274626
2020-06-12,26.81290257962668
2020-06-15,26.96324006274727
2020-06-16,27.014781923862774
2020-06-17,26.786337094417075
2020-06-18,26.874566400115754
2020-06-19,27.22069238453026
2020-06-22,27.243955283181513
2020-06-23,27.503139922938907
2020-06-24,27.696464581093917
2020-06-25,27.69017562024773
2020-06-26,27.792093027683524
2020-06-29,27.71401658014667
2020-06-30,27.958831015037237
2020-07-01,28.276828808892628
2020-07-02,28.445845212916325
2020-07-06,28.450618248792747
2020-07-07,28.68753292042871
2020-07-08,28.910472393582193
2020-07-09,29.179503667103344
2020-07-10,29.29748306425112
2020-07-13,29.394870819589354
2020-07-14,29.07318530846946
2020-07-15,29.158501350663656
2020-07-16,29.35494281475034
2020-07-17,29.51489826258541
2020-07-20,29.660268110463434
2020-07-21,29.992359325381706
2020-07-22,30.089207804105538
2020-07-23,30.417682460199263
2020-07-24,30.62753750543397
2020-07-27,31.099424957416836
2020-07-28,31.31195971843744
2020-07-29,31.31676983366101
2020-07-30,31.653320241476077
2020-07-31,31.883988142235044
2020-08-03,31.58994060633802
2020-08-04,32.290174847537955
2020-08-05,32.40344532831027
2020-08-06,32.498493322429
2020-08-07,32.976388921340934
2020-08-10,32.943842150196005
2020-08-11,33.858363789658114
2020-08-12,34.067888155605665
2020-08-13,34.69197766880172
2020-08-14,34.7223973673513
2020-08-17,35.3528721980404
2020-08-18,35.32283963732109
2020-08-19,35.70282863177714
2020-08-20,35.8389286997332
2020-08-21,35.72075764427099
2020-08-24,35.767023262533215
2020-08-25,36.05835427098203
2020-08-26,36.64368652787113
2020-08-27,37.15698860541314
2020-08-28,37.88003727458213
2020-08-31,37.83388853637675
2020-09-01,37.95924933650296
2020-09-02,38.594058566876505
2020-09-03,38.783333029220366
2020-09-04,38.86380054836158
2020-09-08,38.90606738315178
2020-09-09,39.26546597211864
2020-09-10,39.46945766630574
2020-09-11,39.595336632515355
2020-09-14,39.73367367320656
2020-09-15,39.743831581142246
2020-09-16,39.72153917565389
2020-09-17,39.701053595883046
2020-09-18,39.733619971935035
2020-09-21,40.77736886682436
2020-09-22,41.08643366015167
2020-09-23,41.42818112056842
2020-09-24,41.80409009474392
2020-09-25,41.772564133335415
2020-09-28,41.772564133335415
2020-09-29,42.16880910069452
2020-09-30,42.29132809174249
2020-10-01,42.8367775641443
2020-10-02,42.69428400180417
2020-10-05,43.000061669200214
2020-10-06,43.12410464738599
2020-10-07,42.905504252803475
2020-10-08,42.80577616711409
2020-10-09,43.03445516759218
2020-10-12,43.000904396931375
2020-10-13,43.74820198704517
2020-10-14,44.016754364908316
2020-10-15,44.153630212459255
2020-10-16,44.10013771552608
2020-10-19,44.079327565265835
2020-10-20,44.29029942367171
2020-10-21,44.54489458456014
2020-10-22,45.08194431209961
2020-10-23,45.1317737669159
2020-10-26,45.303204295758896
2020-10-27,45.40310809634015
2020-10-28,45.27448917264164
2020-10-29,45.52787766072808
2020-10-30,45.8847092502185
2020-11-02,46.313446716934074
2020-11-03,46.72969233902653
2020-11-04,46.709954071879764
2020-11-05,47.763099958789134
2020-11-06,47.99689501144408
2020-11-09,49.14123414055589
2020-11-10,49.039253611685666
2020-11-11,49.51169094205233
2020-11-12,49.60705791830159
2020-11-13,49.83698811631416
2020-11-16,50.1746246294318
2020-11-17,50.278247939372136
2020-11-18,50.278247939372136
2020-11-19,50.404902158270005
2020-11-20,50.44261490701489
2020-11-23,50.3601384296365
2020-11-24,51.03461684137464
2020-11-25,51.156436043970864
2020-11-27,51.84188162900255
2020-11-30,52.111983606868996
2020-12-01,53.25991447265116
2020-12-02,53.68333276148677
2020-12-03,53.90638031363594
2020-12-04,54.04695003393147
2020-12-07,54.791513320002636
2020-12-08,55.020915616976815
2020-12-09,55.97864674060911
2020-12-10,55.96643158352922
2020-12-11,56.0060068317177
2020-12-14,56.21349448147198
2020-12-15,56.78988741359699
2020-12-16,56.77765076321331
2020-12-17,57.171477184700656
2020-12-18,57.071253170198645
2020-12-21,57.24082266448871
2020-12-22,57.71524379893251
2020-12-23,57.953275164291185
2020-12-24,58.03353782696268
2020-12-28,58.593820905782124
2020-12-29,58.54398524264031
2020-12-30,58.88966150119525
2020-12-31,58.76859080135838
2021-01-04,59.767429442617434
2021-01-05,60.106020234398635
2021-01-06,61.45774932583019
2021-01-07,61.12850230367567
2021-01-08,62.68000389964056
2021-01-11,63.47272580481885
2021-01-12,63.68212660405211
2021-01-13,63.531317717185985
2021-01-14,63.06089132847035
2021-01-15,63.06433756738812
2021-01-19,64.37671973097139
2021-01-20,65.00731667038174
2021-01-21,65.00731667038174
2021-01-22,64.97928222573577
2021-01-25,65.32078070981481
2021-01-26,65.500294855648
2021-01-27,65.500294855648
2021-01-28,65.69572266129781
2021-01-29,65.88475118350402
2021-02-01,65.68003312054516
2021-02-02,66.70782801481492
2021-02-03,66.6132962605861
2021-02-04,68.28003593912274
2021-02-05,68.91172902208099
2021-02-08,69.50360330575059
2021-02-09,69.25455499755125
2021-02-10,69.17938452548444
2021-02-11,69.76574513925664
2021-02-12,69.89572061144226
2021-02-16,70.80545408148255
2021-02-17,71.38829949109443
2021-02-18,71.27977805338338
2021-02-19,71.74439145525818
2021-02-22,72.65728057122806
2021-02-23,72.86606390254373
2021-02-24,73.24536546479867
2021-02-25,74.34719594821755
2021-02-26,76.34037117632663
2021-03-01,76.98199662740052
2021-03-02,78.04931237276458
2021-03-03,78.71250374899466
2021-03-04,79.00309420724408
2021-03-05,78.65728512504681
2021-03-08,79.90310360290641
2021-03-09,81.3436541726058
2021-03-10,81.71866401332018
2021-03-11,81.56239047958958
2021-03-12,81.39127176038711
2021-03-15,81.36303656179525
2021-03-16,81.28318716073139
2021-03-17,81.68133564884604
2021-03-18,81.04502329322266
2021-03-19,81.00781167312348
2021-03-22,81.00781167312348
2021-03-23,81.00781167312348
2021-03-24,81.26103549990475
2021-03-25,81.6268403957464
2021-03-26,82.1437314453622
2021-03-29,82.1437314453622
2021-03-30,83.44477943876204
2021-03-31,84.93655118126452
2021-04-01,85.91689209004714
2021-04-05,85.8721399056795
2021-04-06,86.59814090655419
2021-04-07,86.72733873661853
2021-04-08,87.7664705801986
2021-04-09,88.1424407144193
2021-04-12,88.6285252817355
2021-04-13,89.26238445085187
2021-04-14,89.59046199275933
2021-04-15,90.89305557631928
2021-04-16,91.33458181225927
2021-04-19,91.98546826375475
2021-04-20,92.40138626850327
2021-04-21,92.88334779631232
2021-04-22,93.55634052522383
2021-04-23,94.03299940564843
2021-04-26,94.09646116483387
2021-04-27,94.20218752569323
2021-04-28,93.93580875030852
2021-04-29,94.61619854606016
2021-04-30,94.8565038185083
2021-05-03,95.0103121365996
2021-05-04,95.66914147577444
2021-05-05,95.80876394681827
2021-05-06,97.23338843512022
2021-05-07,96.61080516090095
2021-05-10,96.71080673581348
2021-05-11,96.7792353058041
2021-05-12,96.91709617351847
2021-05-13,97.40310215989085
2021-05-14,98.11847839828381
2021-05-17,99.05197902077616
2021-05-18,98.90900360947774
2021-05-19,99.69862349228634
2021-05-20,100.56975317924487
2021-05-21,100.322641157803
2021-05-24,100.45590007398594
2021-05-25,101.2883620068505
2021-05-26,101.2883620068505
2021-05-27,101.34710678056453
2021-05-28,101.61416108038155
2021-06-01,101.49682015569906
2021-06-02,101.94039038782334
2021-06-03,103.6716707662643
2021-06-04,104.80860394723798
2021-06-07,105.15787626803947
2021-06-08,105.39630706298516
2021-06-09,105.30174722386195
2021-06-10,105.66433734658257
2021-06-11,106.9706195790793
2021-06-14,107.0967208254926
2021-06-15,107.77956136118615
2021-06-16,106.04866207158122
2021-06-17,108.27288607539808
2021-06-18,108.74848477138708
2021-06-21,109.54774430497012
2021-06-22,109.98386985134907
2021-06-23,110.082698928229
2021-06-24,110.28691404802731
2021-06-25,110.2186725470804
2021-06-28,110.2186725470804
2021-06-29,111.08712221685434
2021-06-30,111.69898595923432
2021-07-01,111.71157140659842
2021-07-02,111.95651314369803
2021-07-06,112.3826114124669
2021-07-07,112.55755821178276
2021-07-08,112.3947051770786
2021-07-09,112.79353466636766
2021-07-12,112.61207232934828
2021-07-13,112.69304196301972
2021-07-14,113.38918136011108
2021-07-15,113.19108142092806
2021-07-16,114.15593477881467
2021-07-19,113.81409987443163
2021-07-20,113.68853961369832
2021-07-21,113.94649215205862
2021-07-22,114.67072989186228
2021-07-23,114.58153999106952
2021-07-26,114.82310195876319
2021-07-27,114.55573408456841
2021-07-28,114.55573408456841
2021-07-29,116.11560804659233
2021-07-30,117.09382642666414
2021-08-02,117.4620834803881
2021-08-03,117.60467862461046
2021-08-04,117.68267556714356
2021-08-05,118.05311948805215
2021-08-06,120.10503794916389
2021-08-09,122.5516478468258
2021-08-10,122.56583233477352
2021-08-11,124.20496141169575
2021-08-12,124.25464844988454
2021-08-13,125.44892210412209
2021-08-16,126.15492086815209
2021-08-17,126.34545179377665
2021-08-18,126.78361659607215
2021-08-19,126.7693747237615
2021-08-20,126.5491056962037
2021-08-23,128.429387067353
2021-08-24,128.75741152322567
2021-08-25,129.03044972120068
2021-08-26,129.3769511756764
2021-08-27,130.32392323687498
2021-08-30,130.98335221196302
2021-08-31,130.91843222009038
2021-09-01,130.94731039441564
2021-09-02,131.27229545543665
2021-09-03,131.99321529560018
2021-09-07,134.14767016416297
2021-09-08,133.4700425812002
2021-09-09,133.3735833137139
2021-09-10,133.3735833137139
2021-09-13,133.53752082790734
2021-09-14,134.52894609430587
2021-09-15,135.3717510390439
2021-09-16,137.8793308770681
2021-09-17,138.61623617639566
2021-09-20,139.40751504563147
2021-09-21,140.49923594447608
2021-09-22,140.49923594447608
2021-09-23,142.01811134237295
2021-09-24,142.01811134237295
2021-09-27,141.88028873488676
2021-09-28,142.19020751686895
2021-09-29,143.0848488881069
2021-09-30,145.55597927549056
2021-10-01,145.77999684710312
2021-10-04,145.92044392926584
2021-10-05,146.30917416506423
2021-10-06,146.40896604826938
2021-10-07,146.78279737946005
2021-10-08,146.84127250241784
2021-10-11,147.0084605640634
2021-10-12,147.54551046621086
2021-10-13,150.30234415032382
2021-10-14,150.67973538294504
2021-10-15,152.97205309448773
2021-10-18,152.69416834159577
2021-10-19,152.01556366430557
2021-10-20,152.82935148955
2021-10-21,152.8979659359935
2021-10-22,153.61664237506722
2021-10-25,154.61831833007233
2021-10-26,155.9945732821728
2021-10-27,156.55185437481427
2021-10-28,157.0837187522131
2021-10-29,157.96852258130642
2021-11-01,158.64016281345442
2021-11-02,158.79964901237423
2021-11-03,159.19485395162707
2021-11-04,160.66440226147589
2021-11-05,162.5889020116775
2021-11-08,163.51951761452676
2021-11-09,163.88665306111082
2021-11-10,167.1026746103753
2021-11-11,167.94093051114976
2021-11-12,168.58171752491822
2021-11-15,168.43705320082316
2021-11-16,168.43705320082316
2021-11-17,169.07911214056782
2021-11-18,169.07911214056782
2021-11-19,169.07911214056782
2021-11-22,172.1341135189358
2021-11-23,173.284550367851
2021-11-24,172.42440718388352
2021-11-26,171.86606373764533
2021-11-29,172.76773492108313
2021-11-30,173.76527742977623
2021-12-01,174.43103758701403
2021-12-02,176.40954266122654
2021-12-03,177.85674965901313
2021-12-06,178.1264971889755
2021-12-07,178.43680221426033
2021-12-08,177.78881115410468
2021-12-09,178.67601315007815
2021-12-10,179.5926595097017
2021-12-13,179.7838892972976
2021-12-14,181.45395542660933
2021-12-15,181.94676284658937
2021-12-16,183.54045462556027
2021-12-17,183.5201114276729
2021-12-20,183.8367466969577
2021-12-21,184.1959230979125
2021-12-22,185.80479874368888
2021-12-23,186.33977985164415
2021-12-27,186.53538765884264
2021-12-28,186.35008257829125
2021-12-29,186.1537262583883
2021-12-30,187.29025900209535
2021-12-31,187.53654753430405
2022-01-03,190.6824755868968
2022-01-04,192.11219700895907
2022-01-05,193.33071242198204
2022-01-06,193.15762506027153
2022-01-07,193.71818438129938
2022-01-10,194.09592889971952
2022-01-11,195.67761338271202
2022-01-12,196.55971721732843
2022-01-13,196.40851136974283
2022-01-14,196.9476508464646
2022-01-18,197.43546700949295
2022-01-19,200.22741253253548
2022-01-20,200.02072070529294
2022-01-21,200.69543164203728
2022-01-24,201.11037692237724
2022-01-25,202.16884726220601
2022-01-26,202.16884726220601
2022-01-27,202.16884726220601
2022-01-28,203.58599471129693
2022-01-31,204.32589348995134
2022-02-01,204.6783474409468
2022-02-02,205.97621878889112
2022-02-03,206.29560269322522
2022-02-04,206.3641366495387
2022-02-07,207.32068881417266
2022-02-08,208.19833967972963
2022-02-09,209.3160828881611
2022-02-10,209.64717773525933
2022-02-11,213.43143251571203
2022-02-14,214.14217718508382
2022-02-15,216.177697381254
2022-02-16,217.51521477792525
2022-02-17,220.34384019003667
2022-02-18,220.43665151406674
2022-02-22,220.2055979483893
2022-02-23,221.6685238124368
2022-02-24,226.19367430221462
2022-02-25,228.6134951732587
2022-02-28,225.1871945848692
2022-03-01,229.21113088478455
2022-03-02,232.12103210391845
2022-03-03,232.5899664174241
2022-03-04,235.96413904409604
2022-03-07,236.54545128248682
2022-03-08,243.09720688058675
2022-03-09,250.50521046011292
2022-03-10,253.03799660390638
2022-03-11,253.33119546917584
2022-03-14,255.4972988783703
2022-03-15,256.985664627471
2022-03-16,258.9106541185773
2022-03-17,260.0084640854052
2022-03-18,260.8552286341071
2022-03-21,261.2887613981941
2022-03-22,261.2887613981941
2022-03-23,261.2887613981941
2022-03-24,261.02262902434313
2022-03-25,261.02262902434313
2022-03-28,260.07718846434494
2022-03-29,257.5361649699745
2022-03-30,259.56326555069427
2022-03-31,261.6709100271144
2022-04-01,263.8210773955284
2022-04-04,264.9196453076693
2022-04-05,265.49701523598577
2022-04-06,265.26152487078417
2022-04-07,267.23769197569436
2022-04-08,269.0111380549258
2022-04-11,268.693298785265
2022-04-12,271.39054953880975
2022-04-13,272.97521129036915
2022-04-14,273.8449886929067
2022-04-18,275.1632857236139
2022-04-19,277.68658201493224
2022-04-20,276.7159922865248
2022-04-21,276.37410032397696
2022-04-22,279.0108214888233
2022-04-25,283.6199423963141
2022-04-26,283.75425698325
2022-04-27,285.5335184959578
2022-04-28,286.27621215782915
2022-04-29,287.26924889793065
2022-05-02,292.55509747229576
2022-05-03,292.55509747229576
2022-05-04,292.55509747229576
2022-05-05,289.00804041280037
2022-05-06,290.01009530777645
2022-05-09,291.4860922763069
2022-05-10,291.4860922763069
2022-05-11,293.2430776186405
2022-05-12,297.36477716282354
2022-05-13,300.23251021388296
2022-05-16,304.089169099624
2022-05-17,302.97271357994276
2022-05-18,302.8224751011457
2022-05-19,307.88929198362547
2022-05-20,308.34131941545456
2022-05-23,308.5918268990116
2022-05-24,310.6907469988482
2022-05-25,310.6907469988482
2022-05-26,311.87246575571703
2022-05-27,312.37867003670505
2022-05-31,313.66176377034685
2022-06-01,315.76883914439986
2022-06-02,319.37928387649106
2022-06-03,323.17570955653633
2022-06-06,324.8886017867786
2022-06-07,326.76339693148867
2022-06-08,328.020992377708
2022-06-09,327.54123466354963
2022-06-10,332.6604639474791
2022-06-13,340.3791981170717
2022-06-14,343.2700899366962
2022-06-15,343.49717182596385
2022-06-16,348.5008411848622
2022-06-17,351.9036878608504
2022-06-21,352.03792114649536
2022-06-22,351.11428123894973
2022-06-23,352.988940514566
2022-06-24,354.1523207085168
2022-06-27,356.0096567546817
2022-06-28,357.3172147970115
2022-06-29,358.22118775977134
2022-06-30,359.3099458053393
2022-07-01,358.6295433614776
2022-07-05,366.3687274648062
2022-07-06,372.1059007603975
2022-07-07,370.5494339384286
2022-07-08,371.0824145482084
2022-07-11,371.6178870078739
2022-07-12,373.9536030680891
2022-07-13,379.2458012755712
2022-07-14,380.53191722158124
2022-07-15,381.20131779348344
2022-07-18,380.53340283845864
2022-07-19,380.0222509478423
2022-07-20,381.7141025503386
2022-07-21,387.5291788972027
2022-07-22,390.65056693951
2022-07-25,392.4601816097567
2022-07-26,392.5287248097438
2022-07-27,392.5287248097438
2022-07-28,396.6074160568837
2022-07-29,398.6198537340243
2022-08-01,399.77238590363453
2022-08-02,399.5467934475591
2022-08-03,399.2511081540882
2022-08-04,403.5608664411815
2022-08-05,407.68387587592457
2022-08-08,411.13531394433613
2022-08-09,412.05405207605537
2022-08-10,410.04446676845515
2022-08-11,411.0957093361471
2022-08-12,413.92639117966087
2022-08-15,417.97591557050976
2022-08-16,418.96361076278663
2022-08-17,421.1889693746503
2022-08-18,423.0047421581225
2022-08-19,424.4760991015815
2022-08-22,426.06133015252107
2022-08-23,428.21861468020694
2022-08-24,428.90573962588985
2022-08-25,427.9561807708404
2022-08-26,432.32358446750345
2022-08-29,433.3716899394643
2022-08-30,436.66617160720205
2022-08-31,438.0638692592958
2022-09-01,440.96224916544145
2022-09-02,442.61903507590864
2022-09-06,445.02666490884985
2022-09-07,450.40962830735793
2022-09-08,453.08344762212636
2022-09-09,452.2928180377433
2022-09-12,452.47608936085413
2022-09-13,456.5524505262672
2022-09-14,457.14372216188764
2022-09-15,462.59526630589147
2022-09-16,465.74347911660374
2022-09-19,464.5103428997667
2022-09-20,464.5103428997667
2022-09-21,464.2593247975786
2022-09-22,464.95503197136253
2022-09-23,471.00752236782097
2022-09-26,471.00752236782097
2022-09-27,469.4203752960648
2022-09-28,479.2917787997939
2022-09-29,478.85789970009586
2022-09-30,479.05964226026975
2022-10-03,486.4444000901936
2022-10-04,492.1346515102049
2022-10-05,495.75978122000794
2022-10-06,493.08076310706974
2022-10-07,495.84876694035523
2022-10-10,503.4911671558261
2022-10-11,508.61148927994356
2022-10-12,507.9101515941586
2022-10-13,509.48674427859703
2022-10-14,516.7070268504981
2022-10-17,518.8362433796366
2022-10-18,519.5902821543747
2022-10-19,522.763352579745
2022-10-20,525.3404456872155
2022-10-21,530.7735688072529
2022-10-24,535.242703456631
2022-10-25,536.7365566168287
2022-10-26,541.3562878997396
2022-10-27,541.3562878997396
2022-10-28,548.3310246714198
2022-10-31,550.3015243280975
2022-11-01,555.0931937794704
2022-11-02,553.3782498656968
2022-11-03,554.0235755871615
2022-11-04,567.6742735224503
2022-11-07,567.5388548538725
2022-11-08,570.5045135016743
2022-11-09,569.6023615116522
2022-11-10,583.6407151765262
2022-11-11,584.3686781200354
2022-11-14,588.2158190958463
2022-11-15,589.2123446259056
2022-11-16,590.4062825324322
2022-11-17,591.1430182063627
2022-11-18,594.964854906381
2022-11-21,595.5122552757548
2022-11-22,594.3497797810052
2022-11-23,597.2248460986862
2022-11-25,597.3270689253827
2022-11-28,597.7387361924536
2022-11-29,600.7970226801476
2022-11-30,601.5187543301406
2022-12-01,612.5377077218113
2022-12-02,614.6112177454347
2022-12-05,624.2973863257562
2022-12-06,624.5445048948884
2022-12-07,630.2629190726652
2022-12-08,632.6325772001794
2022-12-09,633.7604357601227
2022-12-12,636.171671585539
2022-12-13,648.0327075098367
2022-12-14,649.2136990712122
2022-12-15,657.7929982037955
2022-12-16,662.2697849238416
2022-12-19,663.7114395147635
2022-12-20,674.6339878078653
2022-12-21,675.1908002696887
2022-12-22,686.7404497313303
2022-12-23,687.3528155138333
2022-12-27,691.6978519848616
2022-12-28,689.8949290401932
2022-12-29,695.1289120870473
2022-12-30,696.1618312509404
2023-01-03,697.4887926245224
2023-01-04,700.2098429382055
2023-01-05,707.9093970520621
2023-01-06,717.844128531916
2023-01-09,720.0357067224082
2023-01-10,722.4131026125912
2023-01-11,722.9916193324902
2023-01-12,730.0397667223568
2023-01-13,737.4977916289657
2023-01-17,742.4526062939821
2023-01-18,745.0555031979369
2023-01-19,745.0555031979369
2023-01-20,746.7223129810429
2023-01-23,746.9548669168141
2023-01-24,747.7668489774182
2023-01-25,747.7668489774182
2023-01-26,750.6627755694001
2023-01-27,750.6627755694001
2023-01-30,752.7649366502268
2023-01-31,744.0499417068237
2023-02-01,734.8358729183407
2023-02-02,747.732077956763
2023-02-03,762.8414242298337
2023-02-06,763.0867534732241
2023-02-07,763.7804487784696
2023-02-08,765.9427658156386
2023-02-09,769.6595864771516
2023-02-10,769.1634283940845
2023-02-13,772.1010516125857
2023-02-14,772.0594188764582
2023-02-15,775.3287463278426
2023-02-16,776.7625202326852
2023-02-17,771.2366842755239
2023-02-21,775.2548398372974
2023-02-22,776.8174073207941
2023-02-23,780.3901652596563
2023-02-24,780.3901652596563
2023-02-27,782.71635536878
2023-02-28,791.7205800411281
2023-03-01,796.3137708525006
2023-03-02,794.7907663727281
2023-03-03,799.2896212871786
2023-03-06,796.9607034891206
2023-03-07,808.6495180411522
2023-03-08,808.1585185161947
2023-03-09,813.8980387095258
2023-03-10,818.1601836246339
2023-03-13,827.203692984546
2023-03-14,829.7992490375967
2023-03-15,839.6928370380532
2023-03-16,835.6920075605642
2023-03-17,845.9127221470059
2023-03-20,842.0411292328786
2023-03-21,857.3137570554
2023-03-22,857.3137570554
2023-03-23,858.7350970500275
2023-03-24,862.8741923799329
2023-03-27,864.9903445503589
2023-03-28,864.9903445503589
2023-03-29,864.9903445503589
2023-03-30,871.3263137882483
2023-03-31,876.7355682881735
2023-04-03,883.7740647874091
2023-04-04,900.517934417701
2023-04-05,901.0523182581369
2023-04-06,905.6417619863091
2023-04-10,910.5775206443319
2023-04-11,916.7047481515832
2023-04-12,919.3106150641927
2023-04-13,931.0323606613578
2023-04-14,948.7315772484352
2023-04-17,952.7582505411034
2023-04-18,957.7679964013735
2023-04-19,962.7819886270495
2023-04-20,967.4079563875098
2023-04-21,975.5011665017925
2023-04-24,979.3414922794932
2023-04-25,978.5072823490431
2023-04-26,984.4338182307097
2023-04-27,984.0876634968834
2023-04-28,985.6725607908289
2023-05-01,984.0298318280196
2023-05-02,993.6989957487193
2023-05-03,999.3643264658003
2023-05-04,1000.8303866024249
2023-05-05,1015.0133815521931
2023-05-08,1016.9204769346894
2023-05-09,1021.7376149338106
2023-05-10,1022.6425883886276
2023-05-11,1032.3959394626743
2023-05-12,1032.3959394626743
2023-05-15,1034.549088946561
2023-05-16,1034.549088946561
2023-05-17,1036.0616003664122
2023-05-18,1036.0616003664122
2023-05-19,1045.9464479877931
2023-05-22,1048.956719980687
2023-05-23,1048.956719980687
2023-05-24,1055.6474301655176
2023-05-25,1055.6474301655176
2023-05-26,1053.425826223667
2023-05-30,1061.7222523229766
2023-05-31,1064.8127919777648
2023-06-01,1072.8401359600607
2023-06-02,1086.2431501225528
2023-06-05,1092.0996600461917
2023-06-06,1094.7173747285767
2023-06-07,1103.826076444285
2023-06-08,1115.4142194425194
2023-06-09,1117.0603079409996
2023-06-12,1119.568322631759
2023-06-13,1128.704859092622
2023-06-14,1133.9824897063943
2023-06-15,1143.3851931538202
2023-06-16,1141.63636296275
2023-06-20,1155.1009664760672
2023-06-21,1156.4734854129765
2023-06-22,1160.8705233879489
2023-06-23,1161.1125500532628
2023-06-26,1161.5955730840114
2023-06-27,1169.4319729024298
2023-06-28,1169.4319729024298
2023-06-29,1169.8606278175155
2023-06-30,1177.5223998151964
2023-07-03,1179.8554196900714
2023-07-05,1182.247655168031
2023-07-06,1182.6192384859119
2023-07-07,1190.5305165468783
2023-07-10,1189.6640308897736
2023-07-11,1193.5575069851864
2023-07-12,1208.3201769317589
2023-07-13,1207.1494881016351
2023-07-14,1208.197330810655
2023-07-17,1209.1866277565568
2023-07-18,1214.3456329051849
2023-07-19,1214.6527511734967
2023-07-20,1217.9759544972896
2023-07-21,1216.423839189686
2023-07-24,1219.518592685253
2023-07-25,1225.2009221373946
2023-07-26,1226.8834225485025
2023-07-27,1226.8834225485025
2023-07-28,1236.279769476892
2023-07-31,1243.4102421741559
2023-08-01,1258.7243134026264
2023-08-02,1265.8306402728456
2023-08-03,1267.2703909039922
2023-08-04,1270.348642433094
2023-08-07,1275.2572538798988
2023-08-08,1280.2745568981018
2023-08-09,1286.923952040224
2023-08-10,1291.4121763649139
2023-08-11,1291.4796670544167
2023-08-14,1290.6003767734549
2023-08-15,1292.97031450625
2023-08-16,1298.6731143006898
2023-08-17,1305.2566441696563
2023-08-18,1301.323850914773
2023-08-21,1301.1177346027214
2023-08-22,1302.3539192768503
2023-08-23,1308.4237673212074
2023-08-24,1309.6504478780082
2023-08-25,1315.58546950964
2023-08-28,1317.2338314232964
2023-08-29,1330.0084895355874
2023-08-30,1335.7105222860864
2023-08-31,1339.9696783057075
2023-09-01,1332.9606396951888
2023-09-05,1338.6111642694761
2023-09-06,1342.7854104560192
2023-09-07,1342.8554176316072
2023-09-08,1338.94691578432
2023-09-11,1339.1558338566042
2023-09-12,1345.7791054612667
2023-09-13,1346.624539923434
2023-09-14,1351.577967027724
2023-09-15,1351.7184659091315
2023-09-18,1354.0318862246268
2023-09-19,1352.6316464250149
2023-09-20,1341.7577436472557
2023-09-21,1345.1051982652505
2023-09-22,1345.1051982652505
2023-09-25,1345.1051982652505
2023-09-26,1348.3532040776063
2023-09-27,1348.3532040776063
2023-09-28,1359.2090294376662
2023-09-29,1371.0200497947028
2023-10-02,1381.5028595587416
2023-10-03,1381.8056731871916
2023-10-04,1384.3087064895738
2023-10-05,1391.6612200326595
2023-10-06,1400.2299598414324
2023-10-09,1405.5496937458504
2023-10-10,1408.5772644378176
2023-10-11,1411.063690621734
2023-10-12,1415.128130974125
2023-10-13,1438.5790291272976
2023-10-16,1430.5216981118908
2023-10-17,1436.7987927460947
2023-10-18,1451.872222022031
2023-10-19,1465.4968222414216
2023-10-20,1466.5324748360174
2023-10-23,1466.4581926443502
2023-10-24,1462.960105180401
2023-10-25,1453.3861291550834
2023-10-26,1454.1171351730136
2023-10-27,1454.1171351730136
2023-10-30,1459.8491650161927
2023-10-31,1468.111808064718
2023-11-01,1476.7412159869536
2023-11-02,1479.339674746892
2023-11-03,1477.480273446305
2023-11-06,1477.480273446305
2023-11-07,1477.254839312247
2023-11-08,1489.4915124573226
2023-11-09,1479.9518063695414
2023-11-10,1500.3430593139235
2023-11-13,1496.0119678159342
2023-11-14,1499.0560454040037
2023-11-15,1501.1181816461299
2023-11-16,1486.9113120402021
2023-11-17,1487.586346835855
2023-11-20,1488.3381466961393
2023-11-21,1481.908321146802
2023-11-22,1487.6162006192535
2023-11-24,1495.3085233876218
2023-11-27,1495.234120205142
2023-11-28,1495.8936062528849
2023-11-29,1491.937166919099
2023-11-30,1497.7704582918407
2023-12-01,1480.123664759344
2023-12-04,1461.376480423371
2023-12-05,1473.296687876524
2023-12-06,1465.565162190314
2023-12-07,1465.0595427445126
2023-12-08,1489.1442239629284
2023-12-11,1508.5377813517052
2023-12-12,1503.6720950700349
2023-12-13,1476.7635323830123
2023-12-14,1480.775089465041
2023-12-15,1489.152986608299
2023-12-18,1487.6817096723819
2023-12-19,1477.9851325431089
2023-12-20,1479.8715030242065
2023-12-21,1477.4727077330065
2023-12-22,1476.4663944253114
2023-12-26,1477.7565456889286
2023-12-27,1467.320213957091
2023-12-28,1472.7480827615605
2023-12-29,1476.7362515654868
2024-01-02,1476.0922397341883
2024-01-03,1476.0922397341883
2024-01-04,1475.5860814796838
2024-01-05,1477.1017062026267
2024-01-08,1471.6149730391019
2024-01-09,1478.4099511031955
2024-01-10,1483.7290564905977
2024-01-11,1491.641833801209
2024-01-12,1480.1851962796861
2024-01-16,1498.7262540245051
2024-01-17,1516.4018494161571
2024-01-18,1512.0323047775105
2024-01-19,1509.5660233639617
2024-01-22,1510.6862672566774
2024-01-23,1515.5972048777471
2024-01-24,1522.563863309873
2024-01-25,1518.9316477259044
2024-01-26,1522.6130133688991
2024-01-29,1522.6130133688991
2024-01-30,1523.3621464628077
2024-01-31,1513.632598605293
2024-02-01,1504.1361905895683
2024-02-02,1517.8248494672491
2024-02-05,1527.6514221004695
2024-02-06,1521.1665192051817
2024-02-07,1519.3706460218948
2024-02-08,1516.2240570054885
2024-02-09,1522.7157279019302
2024-02-12,1528.203705766674
2024-02-13,1552.5027948484992
2024-02-14,1552.5027948484992
2024-02-15,1545.883476069498
2024-02-16,1540.8718837530632
2024-02-20,1531.7746356593418
2024-02-21,1536.2304689009322
2024-02-22,1546.4307009628155
2024-02-23,1536.8132335010805
2024-02-26,1541.0441546411648
2024-02-27,1542.4823497793611
2024-02-28,1539.8222422532574
2024-02-29,1531.1933169388558
2024-03-01,1513.0480510137647
2024-03-04,1493.2132248798564
2024-03-05,1480.080730158196
2024-03-06,1462.8113467766434
2024-03-07,1455.3167381066187
2024-03-08,1447.7288869413476
2024-03-11,1446.7331999489534
2024-03-12,1461.3828883802985
2024-03-13,1452.6653408441443
2024-03-14,1452.6653408441443
2024-03-15,1455.6220812716952
2024-03-18,1445.787713245121
2024-03-19,1445.6536346149776
2024-03-20,1428.3851735517162
2024-03-21,1444.3065214267103
2024-03-22,1458.2908536204486
2024-03-25,1452.5012478430285
2024-03-26,1457.22592201797
2024-03-27,1449.737064684588
2024-03-28,1429.3434450980371
2024-04-01,1428.8319522442491
2024-04-02,1423.1217002148537
2024-04-03,1415.200599066089
2024-04-04,1423.1321061747692
2024-04-05,1400.4410687017044
2024-04-08,1396.7678295300364
2024-04-09,1393.3622737680037
2024-04-10,1403.4565197700024
2024-04-11,1395.4846896435486
2024-04-12,1369.0882512952944
2024-04-15,1366.9437360460015
2024-04-16,1363.0447074594192
2024-04-17,1370.1909448523309
2024-04-18,1362.149289882592
2024-04-19,1351.2146236491405
2024-04-22,1380.1858810688575
2024-04-23,1380.1858810688575
2024-04-24,1378.2832716109542
2024-04-25,1369.4717555337058
2024-04-26,1377.1125750479316
2024-04-29,1370.8605657688674
2024-04-30,1389.2174645712414
2024-05-01,1381.8089819919576
2024-05-02,1395.2003343409663
2024-05-03,1395.806943181984
2024-05-06,1396.5280126421071
2024-05-07,1401.9956979786623
2024-05-08,1401.9956979786623
2024-05-09,1389.0113581936587
2024-05-10,1389.0113581936587
2024-05-13,1402.0868717799822
2024-05-14,1391.6433038662726
2024-05-15,1375.6739067959538
2024-05-16,1381.1432108823992
2024-05-17,1362.868748734668
2024-05-20,1352.6577527024895
2024-05-21,1357.000537851212
2024-05-22,1372.8860317420003
2024-05-23,1393.8452120460688
2024-05-24,1399.8547621922703
2024-05-28,1388.892627924256
2024-05-29,1388.892627924256
2024-05-30,1385.3266404554784
2024-05-31,1397.8556256206728
2024-06-03,1383.4112384664872
2024-06-04,1396.3761148227227
2024-06-05,1379.749613475585
2024-06-06,1370.7856064875753
2024-06-07,1403.960648869718
2024-06-10,1393.4797615852292
2024-06-11,1388.9358058409296
2024-06-12,1376.2757849424734
2024-06-13,1381.758451676656
2024-06-14,1367.1443332182416
2024-06-17,1371.740399410214
2024-06-18,1360.7039040595766
2024-06-20,1346.1555215812887
2024-06-21,1354.7018358687603
2024-06-24,1350.7951359324572
2024-06-25,1355.3278922032152
2024-06-26,1360.4369900770328
2024-06-27,1344.0297985947905
2024-06-28,1342.700421157341
2024-07-01,1340.5047386309916
2024-07-02,1344.9333743410218
2024-07-03,1328.2579386043362
2024-07-05,1309.3061367016835
2024-07-08,1323.8741399489115
2024-07-09,1325.5548230582667
2024-07-10,1322.2498136148517
2024-07-11,1302.0716769088951
2024-07-12,1294.3671374230257
2024-07-15,1298.1490851920562
2024-07-16,1279.4314367576749
2024-07-17,1288.7959571600782
2024-07-18,1296.2172222299012
2024-07-19,1308.7035476640542
2024-07-22,1314.206246592956
2024-07-23,1309.379016062636
2024-07-24,1313.5434747529127
2024-07-25,1321.0955016108155
2024-07-26,1314.7931230983186
2024-07-29,1314.7931230983186
2024-07-30,1301.48443984236
2024-07-31,1290.9951913647267
2024-08-01,1297.1686417278815
2024-08-02,1306.8815097646789
2024-08-05,1339.7159685046652
2024-08-06,1353.809426681671
2024-08-07,1354.7714741561124
2024-08-08,1333.2365559339485
2024-08-09,1327.8425985033177
2024-08-12,1311.6314499313426
2024-08-13,1308.5935648358104
2024-08-14,1323.7580315078706
2024-08-15,1323.0561186098732
2024-08-16,1297.235707009936
2024-08-19,1300.7004930953972
2024-08-20,1296.6479557049795
2024-08-21,1297.990612539153
2024-08-22,1311.0530364336264
2024-08-23,1299.505908556943
2024-08-26,1295.4674170100427
2024-08-27,1295.0553475090194
2024-08-28,1295.0553475090194
2024-08-29,1283.8844658709397
2024-08-30,1296.9806230780096
2024-09-03,1303.0467111872792
2024-09-04,1301.738904006869
2024-09-05,1292.4993340944486
2024-09-06,1301.1493167661386
2024-09-09,1295.665405732431
2024-09-10,1295.665405732431
2024-09-11,1302.6931008985061
2024-09-12,1291.309871451656
2024-09-13,1285.0262475469813
2024-09-16,1285.0262475469813
2024-09-17,1293.439705823563
2024-09-18,1293.439705823563
2024-09-19,1282.3501993823634
2024-09-20,1267.7465349645443
2024-09-23,1267.7465349645443
2024-09-24,1260.823208977718
2024-09-25,1259.4467589865426
2024-09-26,1255.8515177652387
2024-09-27,1267.9396536025763
2024-09-30,1279.7569548611407
2024-10-01,1262.0611443561984
2024-10-02,1263.7276401845027
2024-10-03,1256.8896779375657
2024-10-04,1261.7165654915557
2024-10-07,1263.5742962582028
2024-10-08,1275.0656881150414
2024-10-09,1273.5961540910903
2024-10-10,1264.7384346814176
2024-10-11,1255.4864492770282
2024-10-14,1258.891135202356
2024-10-15,1258.891135202356
2024-10-16,1258.891135202356
2024-10-17,1252.4964825535858
2024-10-18,1252.4964825535858
2024-10-21,1251.9442064004513
2024-10-22,1246.2154284015014
2024-10-23,1258.9843528276847
2024-10-24,1256.262518920029
2024-10-25,1249.1642543412427
2024-10-28,1246.0598090910842
2024-10-29,1246.0598090910842
2024-10-30,1239.8174285493014
2024-10-31,1259.6809831807152
2024-11-01,1262.8467729342124
2024-11-04,1263.0313208546559
2024-11-05,1264.2745300762585
2024-11-06,1284.4436042477487
2024-11-07,1267.124768582566
2024-11-08,1267.5960814963032
2024-11-11,1292.2496479810507
2024-11-12,1294.977482586269
2024-11-13,1310.004819527088
2024-11-14,1303.2884989976853
2024-11-15,1303.2884989976853
2024-11-18,1293.78417982242
2024-11-19,1291.2181282270537
2024-11-20,1286.4712065685196
2024-11-21,1280.2790154062961
2024-11-22,1269.6080852043042
2024-11-25,1295.6298624711194
2024-11-26,1298.2452270654474
2024-11-27,1295.0902459864808
2024-11-29,1284.9707699854157
2024-12-02,1291.8104126212106
2024-12-03,1289.0202435134954
2024-12-04,1281.8893622675241
2024-12-05,1294.3582570025383
2024-12-06,1285.26872873144
2024-12-09,1269.2524065137245
2024-12-10,1252.4230968553818
2024-12-11,1237.5894532196303
2024-12-12,1254.6653339696345
2024-12-13,1269.694038390693
2024-12-16,1272.989781795993
2024-12-17,1276.5422030513457
2024-12-18,1280.3076953673087
2024-12-19,1275.2997871960204
2024-12-20,1263.845486378418
2024-12-23,1267.5598178799098
2024-12-24,1264.1641352449465
2024-12-26,1259.210377466827
2024-12-27,1259.4508959374223
2024-12-30,1266.4672652026588
2024-12-31,1256.3681308897924
2025-01-02,1244.009675934287
2025-01-03,1250.4199035382437
2025-01-06,1253.7758299893646
2025-01-07,1252.2165017272232
2025-01-08,1247.9724992736194
2025-01-09,1241.3812963542246
2025-01-10,1231.029180350076
2025-01-13,1248.102256124324
2025-01-14,1246.2816858310457
2025-01-15,1236.2310498721554
2025-01-16,1229.578585694133
2025-01-17,1225.8484825145722
2025-01-21,1221.8307708093168
2025-01-22,1216.019878663006
2025-01-23,1214.6540162080073
2025-01-24,1206.951847606095
2025-01-27,1217.2680912997134
2025-01-28,1204.4640809029456
2025-01-29,1204.4640809029456
2025-01-30,1186.7727976043407
2025-01-31,1193.6945901672505
2025-02-03,1187.0446195816062
2025-02-04,1176.2556155822886
2025-02-05,1167.3407958751693
2025-02-06,1171.08904329455
2025-02-07,1168.058786725247
2025-02-10,1147.8370586583483
2025-02-11,1152.937684794926
2025-02-12,1150.156649717888
2025-02-13,1144.3887390510838
2025-02-14,1165.3105442419442
2025-02-18,1144.1024155070118
2025-02-19,1151.6163614186573
2025-02-20,1155.1699272537994
2025-02-21,1155.641598509037
2025-02-24,1149.810474654672
2025-02-25,1163.1917189951903
2025-02-26,1161.8742007287908
2025-02-27,1175.927384219579
2025-02-28,1192.3988066219429
2025-03-03,1185.1349156933509
2025-03-04,1175.4849834053437
2025-03-05,1176.0491704012159
2025-03-06,1170.9464381713237
2025-03-07,1169.4125508294767
2025-03-10,1177.087851737262
2025-03-11,1165.457354957931
2025-03-12,1154.6111983186609
2025-03-13,1136.0563005041024
2025-03-14,1136.0183240892088
2025-03-17,1132.6000141872353
2025-03-18,1121.7877993542143
2025-03-19,1121.5291024981966
2025-03-20,1124.2158143674621
2025-03-21,1130.2546255942013
2025-03-24,1134.4403202719984
2025-03-25,1135.4523918986756
2025-03-26,1140.0568097040266
2025-03-27,1126.9813128837015
2025-03-28,1120.8134979877855
2025-03-31,1109.2826264370792
2025-04-01,1113.1105673632453
2025-04-02,1106.2622099829573
2025-04-03,1130.1877902879917
2025-04-04,1159.137177177665
2025-04-07,1184.153641466816
2025-04-08,1194.278707886841
2025-04-09,1163.8942881410285
2025-04-10,1132.3101527061488
2025-04-11,1118.0411260054443
2025-04-14,1121.7615382139365
2025-04-15,1120.8197778346873
2025-04-16,1091.825992242444
2025-04-17,1103.6745234323444
2025-04-21,1082.5401896008502
2025-04-22,1089.3095936892087
2025-04-23,1104.0361669452084
2025-04-24,1095.1514719841082
2025-04-25,1119.0095198310532
2025-04-28,1102.6562067082368
2025-04-29,1109.655086271584
2025-04-30,1114.2358620944105
2025-05-01,1135.649693560339
2025-05-02,1138.4538535104382
2025-05-05,1114.3695883289722
2025-05-06,1099.1714141262846
2025-05-07,1111.1640276937128
2025-05-08,1141.7783674206983
2025-05-09,1129.180422263887
2025-05-12,1156.788143743866
2025-05-13,1153.817414140874
2025-05-14,1172.2328460144126
2025-05-15,1146.3031182678965
2025-05-16,1162.533250351268
2025-05-19,1164.5101032667962
2025-05-20,1142.334108799229
2025-05-21,1136.8190543865899
2025-05-22,1148.777298704695
2025-05-23,1136.4886616797041
2025-05-27,1147.8790923818442
2025-05-28,1147.8790923818442
2025-05-29,1136.203442839558
2025-05-30,1145.1831874144434
2025-06-02,1119.5833126590599
2025-06-03,1131.1261387162026
2025-06-04,1124.8889304997347
2025-06-05,1131.8287924841961
2025-06-06,1145.8240329841922
2025-06-09,1140.121868673845
2025-06-10,1133.5960685593964
2025-06-11,1135.8782315125145
2025-06-12,1129.8324065293252
2025-06-13,1121.9073973449588
2025-06-16,1136.77058353909
2025-06-17,1140.684352226354
2025-06-18,1139.1680672557513
2025-06-20,1133.0131259828527
2025-06-23,1129.04104998612
2025-06-24,1142.691787594027
2025-06-25,1140.7996860023266
2025-06-26,1140.4230832242688
2025-06-27,1155.8866802653242
2025-06-30,1145.7997910854322
2025-07-01,1136.5921823419121
2025-07-02,1130.1051737914477
2025-07-03,1140.3238195146562
2025-07-04,1143.5653145132765
2025-07-07,1134.3282435529513
2025-07-08,1142.2982083929744
2025-07-09,1134.5888255011666
2025-07-10,1136.705407553998
2025-07-11,1128.0022134712394
2025-07-14,1133.1949768537177
2025-07-15,1136.9937581793615
2025-07-16,1133.1484076548609
2025-07-17,1124.1551497600842
2025-07-18,1119.1711609786462
2025-07-21,1100.283263301977
2025-07-22,1091.1868299099083
2025-07-23,1102.7021228580065
2025-07-24,1101.3921114260397
2025-07-25,1104.685748122888
2025-07-28,1110.4970870348814
2025-07-29,1110.4970870348814
2025-07-30,1120.514199345282
2025-07-31,1113.5642486477284
2025-08-01,1093.5669658041584
2025-08-04,1091.358852737127
2025-08-05,1090.260580272633
2025-08-06,1090.486311388033
2025-08-07,1085.5249685362244
2025-08-08,1085.4302522136452
2025-08-11,1095.3096933126353
2025-08-12,1097.6920943493521
2025-08-13,1097.7248073433773
2025-08-14,1101.5295506142907
2025-08-15,1105.084161812657
2025-08-18,1105.680893611202
2025-08-19,1111.258784810935
2025-08-20,1100.24897691391
2025-08-21,1104.3551190923342
2025-08-22,1096.1121863932592
2025-08-25,1093.5721600786512
2025-08-26,1090.4327171097377
2025-08-27,1087.9930953441788
2025-08-28,1080.7163878937504
2025-08-29,1067.7446581306426
2025-09-02,1051.929260963727
2025-09-03,1040.5660393088672
2025-09-04,1035.9053015678528
2025-09-05,1022.7235091790106
2025-09-08,1010.31821084112
2025-09-09,1011.3708988481225
2025-09-10,1006.1814926452909
2025-09-11,1005.0736377418336
2025-09-12,1006.7508494343374
2025-09-15,995.0791910034657
2025-09-16,993.0519475280219
2025-09-17,989.5874848904575
2025-09-18,992.5390112561815
2025-09-19,989.1482657954813
2025-09-22,974.1258211071724
2025-09-23,965.3906402374965
2025-09-24,975.0450461814013
2025-09-25,976.5821062771272
2025-09-26,976.5821062771272
2025-09-29,960.8637931659513
